timestamp,preco,data,variacao_diaria
1754762940518,634092.507478092,2025-08-09 18:09:00.518,0.0
1754766516104,634017.5831248137,2025-08-09 19:08:36.104,-0.011815997255074127
1754770170112,633441.5365807114,2025-08-09 20:09:30.112,-0.09085655657423121
1754773782014,634697.261380296,2025-08-09 21:09:42.014,0.19823846828279415
1754776852671,633538.3408827455,2025-08-09 22:00:52.671,-0.18259421744315898
1754780611847,633579.8052149682,2025-08-09 23:03:31.847,0.0065448812718944625
1754784262718,633222.3765785702,2025-08-10 00:04:22.718,-0.05641414600906687
1754787884413,634583.4773575971,2025-08-10 01:04:44.413,0.21494830716203817
1754791791382,633707.46366726,2025-08-10 02:09:51.382,-0.13804546156555958
1754795380062,636944.9885831168,2025-08-10 03:09:40.062,0.5108863476407938
1754798980094,644299.1013446663,2025-08-10 04:09:40.094,1.1545915099997486
1754802334524,643956.0371550826,2025-08-10 05:05:34.524,-0.05324610710581144
1754806126539,642085.6172978976,2025-08-10 06:08:46.539,-0.29045769420040946
1754809352178,641863.8698220205,2025-08-10 07:02:32.178,-0.034535499613001695
1754813389498,639760.092591119,2025-08-10 08:09:49.498,-0.3277606560850471
1754816665722,643189.8839138394,2025-08-10 09:04:25.722,0.536105856310795
1754820211843,642862.8391054346,2025-08-10 10:03:31.843,-0.05084731843334827
1754823997087,641532.1982478461,2025-08-10 11:06:37.087,-0.20698674377261123
1754827760429,643435.4591266633,2025-08-10 12:09:20.429,0.29667425641540174
1754831330283,644388.7267679818,2025-08-10 13:08:50.283,0.14815279882342344
1754834925387,644225.5141678258,2025-08-10 14:08:45.387,-0.025328282972078217
1754838252516,645552.0688738702,2025-08-10 15:04:12.516,0.20591464896542439
1754842132375,645996.6435147244,2025-08-10 16:08:52.375,0.06886735590977155
1754845497659,644911.0013750242,2025-08-10 17:04:57.659,-0.16805693196693766
1754848980796,644248.3652288795,2025-08-10 18:03:00.796,-0.1027484636999357
1754852933556,644329.5356666954,2025-08-10 19:08:53.556,0.012599246221930467
1754856514773,644999.3475815281,2025-08-10 20:08:34.773,0.1039548674638387
1754860198195,642137.9821592127,2025-08-10 21:09:58.195,-0.4436229948207432
1754863775415,644891.4074558589,2025-08-10 22:09:35.415,0.42879028700151006
1754867030568,646677.2916479384,2025-08-10 23:03:50.568,0.2769278938178096
1754870767824,647972.2182505187,2025-08-11 00:06:07.824,0.20024309177153143
1754874502244,647625.588147175,2025-08-11 01:08:22.244,-0.05349459337616511
1754877828310,651368.1045538172,2025-08-11 02:03:48.310,0.5778827265533643
1754881781482,661621.0713601258,2025-08-11 03:09:41.482,1.5740664510018976
1754885339973,661797.6618338386,2025-08-11 04:08:59.973,0.0266905758230683
1754888693796,662992.809342724,2025-08-11 05:04:53.796,0.18059107455498255
1754892138822,663290.6944981983,2025-08-11 06:02:18.822,0.04493037500204836
1754895887460,664404.0778106846,2025-08-11 07:04:47.460,0.16785752034838064
1754899751260,659603.7034498276,2025-08-11 08:09:11.260,-0.7225082628443423
1754903639934,660825.3518198371,2025-08-11 09:13:59.934,0.18520944676630696
1754906651872,659288.8725658803,2025-08-11 10:04:11.872,-0.2325091266134884
1754910300657,658154.7491550666,2025-08-11 11:05:00.657,-0.17202222849596396
1754913863615,654789.9095776906,2025-08-11 12:04:23.615,-0.5112535587862373
1754917697602,651943.380153848,2025-08-11 13:08:17.602,-0.4347240820614589
1754921048584,653117.8315952292,2025-08-11 14:04:08.584,0.18014623311369335
1754924979853,654821.9837403469,2025-08-11 15:09:39.853,0.26092568027966334
1754928567208,654340.8199938401,2025-08-11 16:09:27.208,-0.07348008442819537
1754931870933,653512.8792661787,2025-08-11 17:04:30.933,-0.12653050250925169
1754935692745,650132.5946255059,2025-08-11 18:08:12.745,-0.517248358512617
1754939064100,651867.6985494732,2025-08-11 19:04:24.100,0.26688462296938187
1754942673741,647166.2386102491,2025-08-11 20:04:33.741,-0.7212291619427816
1754946181862,647463.1543063429,2025-08-11 21:03:01.862,0.045879355006438735
1754950158187,644984.5334356638,2025-08-11 22:09:18.187,-0.3828203742859486
1754953686940,646675.8879951745,2025-08-11 23:08:06.940,0.26223180120324907
1754956950989,646111.151958629,2025-08-12 00:02:30.989,-0.08732906963583814
1754960986825,647138.7361145575,2025-08-12 01:09:46.825,0.15904138983105756
1754964870494,647503.7576586938,2025-08-12 02:14:30.494,0.05640545431230733
1754968129156,647986.5300362793,2025-08-12 03:08:49.156,0.07455900786293214
1754971338283,646689.1342392268,2025-08-12 04:02:18.283,-0.20021956273996913
1754975326992,647025.3582512856,2025-08-12 05:08:46.992,0.05199159754776898
1754978939637,646613.0005486183,2025-08-12 06:08:59.637,-0.06373130471761382
1754982533374,647032.0463038845,2025-08-12 07:08:53.374,0.06480626818679379
1754986152109,647236.2697145202,2025-08-12 08:09:12.109,0.03156310600105973
1754989779472,646764.361772161,2025-08-12 09:09:39.472,-0.07291123264265864
1754993438222,644580.9155253018,2025-08-12 10:10:38.222,-0.3375953246521529
1754996498822,644970.8541623636,2025-08-12 11:01:38.822,0.06049490881124865
1755000157488,645137.9907041582,2025-08-12 12:02:37.488,0.025913813115121274
1755003803555,645084.3801066513,2025-08-12 13:03:23.555,-0.008309942722230457
1755007817546,644136.3859964915,2025-08-12 14:10:17.546,-0.1469566058944223
1755011146212,646158.2657865789,2025-08-12 15:05:46.212,0.3138900136745822
1755014837754,646855.3712150151,2025-08-12 16:07:17.754,0.10788462600375333
1755018262749,645345.8600698705,2025-08-12 17:04:22.749,-0.23336146104950906
1755021880662,643359.1238387389,2025-08-12 18:04:40.662,-0.3078560434115894
1755025779745,643888.0522007028,2025-08-12 19:09:39.745,0.0822135479804783
1755029510274,644515.7872012346,2025-08-12 20:11:50.274,0.09749132607543762
1755032999728,646816.8344321392,2025-08-12 21:09:59.728,0.35701952948223525
1755036570769,647194.6527045219,2025-08-12 22:09:30.769,0.05841194172294819
1755040170601,648295.4477472904,2025-08-12 23:09:30.601,0.1700871659196233
1755043807169,648945.2530575918,2025-08-13 00:10:07.169,0.10023289729388643
1755046850255,646723.1269704577,2025-08-13 01:00:50.255,-0.3424211944943398
1755050896676,644724.222923842,2025-08-13 02:08:16.676,-0.309081887326261
1755054286984,645763.2353283816,2025-08-13 03:04:46.984,0.16115609862270608
1755057843443,645437.6245183995,2025-08-13 04:04:03.443,-0.05042263048880346
1755061791497,644676.1151244511,2025-08-13 05:09:51.497,-0.11798342163839177
1755065057220,642957.8747113358,2025-08-13 06:04:17.220,-0.2665276986077983
1755068662376,645047.0050986111,2025-08-13 07:04:22.376,0.32492492423602487
1755072345810,645624.5645154605,2025-08-13 08:05:45.810,0.08953757048466646
1755075862290,648882.7621631012,2025-08-13 09:04:22.290,0.5046582529098754
1755079578661,650424.4449536444,2025-08-13 10:06:18.661,0.2375903445799463
1755083144447,651967.1503112469,2025-08-13 11:05:44.447,0.23718440620914802
1755086694741,650200.2169673585,2025-08-13 12:04:54.741,-0.27101570118139373
1755090516285,647987.5725981091,2025-08-13 13:08:36.285,-0.34030200413796974
1755093642736,655186.3135225454,2025-08-13 14:00:42.736,1.110938114997
1755097747277,653071.2092464272,2025-08-13 15:09:07.277,-0.32282485645137576
1755101328880,655064.0264797448,2025-08-13 16:08:48.880,0.305145473434228
1755104462871,655856.0913826863,2025-08-13 17:01:02.871,0.12091411998273652
1755108127157,657310.7460636584,2025-08-13 18:02:07.157,0.22179479615800743
1755111754493,656485.0202472628,2025-08-13 19:02:34.493,-0.12562183432121016
1755115741226,662996.234730529,2025-08-13 20:09:01.226,0.9918298639645736
1755119363117,663208.2882528927,2025-08-13 21:09:23.117,0.0319841216669718
1755122651504,661409.8030444412,2025-08-13 22:04:11.504,-0.27117954348690554
1755126346087,663622.1281648176,2025-08-13 23:05:46.087,0.33448629128162066
1755129854138,665501.7352048227,2025-08-14 00:04:14.138,0.28323453366496754
1755133485718,667417.6189958671,2025-08-14 01:04:45.718,0.287885619179445
1755138162015,666406.2353803413,2025-08-14 02:22:42.015,-0.15153684690665192
1755141259483,667569.1361182666,2025-08-14 03:14:19.483,0.17450327985926004
1755141685544,667312.0132527599,2025-08-14 03:21:25.544,-0.03851629016311035
1755144586133,665729.6276096314,2025-08-14 04:09:46.133,-0.23712830155946454
1755148152479,664108.2392178861,2025-08-14 05:09:12.479,-0.24355058337527102
1755151489799,658348.4057270291,2025-08-14 06:04:49.799,-0.8673034229541167
1755154964678,657008.5322049242,2025-08-14 07:02:44.678,-0.20352043241074996
1755159029582,656985.3264899575,2025-08-14 08:10:29.582,-0.00353202642418625
1755162526367,656463.1033063823,2025-08-14 09:08:46.367,-0.07948780018653662
1755166151689,655826.9364992008,2025-08-14 10:09:11.689,-0.09690823505196171
1755169770613,651944.6448413719,2025-08-14 11:09:30.613,-0.5919689237762155
1755173150438,652143.6934730256,2025-08-14 12:05:50.438,0.03053152337835168
1755176963675,644254.6479178828,2025-08-14 13:09:23.675,-1.209709705713671
1755180417496,641675.9177541779,2025-08-14 14:06:57.496,-0.4002656670058706
1755184148431,641471.8370991964,2025-08-14 15:09:08.431,-0.03180431886797537
1755187336728,639796.8754550056,2025-08-14 16:02:16.728,-0.2611122651565162
1755190973512,639165.8485774116,2025-08-14 17:02:53.512,-0.09862925278357744
1755194608287,639118.6857492289,2025-08-14 18:03:28.287,-0.007378809160041211
1755198128088,639469.01342645,2025-08-14 19:02:08.088,0.054814181627369216
1755201794751,639181.9771332415,2025-08-14 20:03:14.751,-0.04488666177434676
1755205309666,638950.8604028478,2025-08-14 21:01:49.666,-0.03615820512184869
1755208976603,637616.6072980586,2025-08-14 22:02:56.603,-0.20881936115524727
1755212589940,640116.128196353,2025-08-14 23:03:09.940,0.39201000564999133
1755216207613,640631.7365702926,2025-08-15 00:03:27.613,0.0805491927523315
1755219638512,640297.661725197,2025-08-15 01:00:38.512,-0.052147720137023644
1755223296429,643026.7216790514,2025-08-15 02:01:36.429,0.4262173855986495
1755226836953,643071.4064868303,2025-08-15 03:00:36.953,0.006949136991109576
1755230508855,644558.9955323675,2025-08-15 04:01:48.855,0.23132563981720666
1755234199015,643907.327890377,2025-08-15 05:03:19.015,-0.1011028697927379
1755237695001,644638.6086205363,2025-08-15 06:01:35.001,0.11356925111492949
1755241347043,644753.7166416936,2025-08-15 07:02:27.043,0.017856209606130786
1755244983800,644356.2255513916,2025-08-15 08:03:03.800,-0.061650065760365746
1755248588736,643737.7290424923,2025-08-15 09:03:08.736,-0.0959867359658081
1755252177439,643192.4757983633,2025-08-15 10:02:57.439,-0.08470114761488806
1755255630668,643755.9017934487,2025-08-15 11:00:30.668,0.08759834983859774
1755259410173,644600.6208828501,2025-08-15 12:03:30.173,0.13121729634603818
1755262848512,640554.0676739878,2025-08-15 13:00:48.512,-0.627761295563154
1755266612043,636022.509089022,2025-08-15 14:03:32.043,-0.7074435732523104
1755270161037,633188.5620466013,2025-08-15 15:02:41.037,-0.44557338803617164
1755273623626,633338.1516417771,2025-08-15 16:00:23.626,0.023624810071159245
1755277268736,634223.4531438199,2025-08-15 17:01:08.736,0.13978338423918843
1755280864967,635480.2264790444,2025-08-15 18:01:04.967,0.19815939145654557
1755284525799,633031.2881532373,2025-08-15 19:02:05.799,-0.385368139521153
1755288163522,631650.1198735959,2025-08-15 20:02:43.522,-0.2181832565765827
1755291776579,633923.479547229,2025-08-15 21:02:56.579,0.35990805702499706
1755295386651,633964.9154257528,2025-08-15 22:03:06.651,0.006536416438358908
1755299162115,636301.2913550241,2025-08-15 23:06:02.115,0.3685339476084877
1755302446219,634093.8155010233,2025-08-16 00:00:46.219,-0.3469230510753615
1755306187981,636277.0586039373,2025-08-16 01:03:07.981,0.3443091620738937
1755309788130,637110.1974948806,2025-08-16 02:03:08.130,0.1309396401579169
1755313371235,635028.3678308716,2025-08-16 03:02:51.235,-0.3267613157338875
1755316977432,634836.325839643,2025-08-16 04:02:57.432,-0.03024148226394414
1755320545789,636833.2640938474,2025-08-16 05:02:25.789,0.3145595443932999
1755324440248,635713.140916812,2025-08-16 06:07:20.248,-0.17588955228794312
1755328045451,634388.2122135779,2025-08-16 07:07:25.451,-0.2084161263873327
1755331390562,635537.4421893813,2025-08-16 08:03:10.562,0.1811556321000015
1755334873697,635501.4883038217,2025-08-16 09:01:13.697,-0.005657241127420051
1755338529908,634172.5812085604,2025-08-16 10:02:09.908,-0.20911156302846315
1755342174351,634472.0854428967,2025-08-16 11:02:54.351,0.04722755969132929
1755345805410,634375.0005048963,2025-08-16 12:03:25.410,-0.01530168784851288
1755349367207,636364.063587031,2025-08-16 13:02:47.207,0.313546889545082
1755353004481,635796.8132710529,2025-08-16 14:03:24.481,-0.08913927552423717
1755356439179,636366.7693064117,2025-08-16 15:00:39.179,0.08964436805313895
1755360171110,635977.6753464667,2025-08-16 16:02:51.110,-0.06114303554365388
1755363644831,636386.6013626165,2025-08-16 17:00:44.831,0.06429880041418681
1755367553900,636074.0508032017,2025-08-16 18:05:53.900,-0.04911331551380204
1755370990389,635996.0466308851,2025-08-16 19:03:10.389,-0.012263379117279864
1755374525909,635917.8861705561,2025-08-16 20:02:05.909,-0.01228945694601066
1755378149270,635781.7399035941,2025-08-16 21:02:29.270,-0.021409409913251104
1755381773272,634673.9610936297,2025-08-16 22:02:53.272,-0.1742388528070027
1755385653282,634570.411795131,2025-08-16 23:07:33.282,-0.01631535321225934
1755389146326,634099.3523774074,2025-08-17 00:05:46.326,-0.07423280521244316
1755392578518,633948.2937149423,2025-08-17 01:02:58.518,-0.023822554288805985
1755396164298,634769.3556985431,2025-08-17 02:02:44.298,0.12951560746214977
1755399734587,635535.175410724,2025-08-17 03:02:14.587,0.12064535020568491
1755403202408,636191.6899609236,2025-08-17 04:00:02.408,0.10330105643253083
1755406835889,638147.0881779433,2025-08-17 05:00:35.889,0.3073599117806349
1755410586372,637800.5870205371,2025-08-17 06:03:06.372,-0.05429800806511176
1755414165641,637502.4185539297,2025-08-17 07:02:45.641,-0.046749481370084875
1755417747972,637866.3612975887,2025-08-17 08:02:27.972,0.0570888412446441
1755421250982,639384.0254063295,2025-08-17 09:00:50.982,0.23792822459763116
1755424979374,639184.6148813094,2025-08-17 10:02:59.374,-0.031187911661285223
1755428570913,639241.9363336609,2025-08-17 11:02:50.913,0.008967902389522858
1755432187021,639379.2056283159,2025-08-17 12:03:07.021,0.02147376241339357
1755435731175,638302.0211924781,2025-08-17 13:02:11.175,-0.16847348589937955
1755439356364,639739.4358132103,2025-08-17 14:02:36.364,0.2251934935200122
1755442936029,638452.6775747974,2025-08-17 15:02:16.029,-0.20113786432084366
1755446598243,638941.7336879617,2025-08-17 16:03:18.243,0.07660021335050238
1755450026969,637407.4522230835,2025-08-17 17:00:26.969,-0.2401285413025673
1755453793393,637169.5222966261,2025-08-17 18:03:13.393,-0.03732776038741341
1755457334870,636228.1209568216,2025-08-17 19:02:14.870,-0.14774739011547752
1755460999090,635469.4795204306,2025-08-17 20:03:19.090,-0.11924047545244082
1755464543419,635950.8364652004,2025-08-17 21:02:23.419,0.07574823973184663
1755468202102,636208.1144622932,2025-08-17 22:03:22.102,0.04045564253407314
1755471714800,637356.1461892208,2025-08-17 23:01:54.800,0.18044908589352085
1755475350727,634827.6920153337,2025-08-18 00:02:30.727,-0.39670978133730755
1755478994591,633538.8756966435,2025-08-18 01:03:14.591,-0.2030182890413458
1755482573312,628997.6681822627,2025-08-18 02:02:53.312,-0.7168001347016412
1755486090899,625315.5005275304,2025-08-18 03:01:30.899,-0.5854024332670931
1755489763252,623033.1847395007,2025-08-18 04:02:43.252,-0.36498628070218625
1755493387777,624133.3890726358,2025-08-18 05:03:07.777,0.17658840011789337
1755497012999,625050.4186854044,2025-08-18 06:03:32.999,0.14692846574529844
1755500601362,623077.364757023,2025-08-18 07:03:21.362,-0.3156631640261904
1755504228982,625218.0347618053,2025-08-18 08:03:48.982,0.34356407821315227
1755507627213,626259.1727402146,2025-08-18 09:00:27.213,0.16652398371808835
1755511383017,621507.3796089868,2025-08-18 10:03:03.017,-0.7587582486714299
1755514945005,621777.9284537625,2025-08-18 11:02:25.005,0.043531075197526914
1755518438558,621470.8284307097,2025-08-18 12:00:38.558,-0.049390627907392015
1755522139735,625417.1346487937,2025-08-18 13:02:19.735,0.6349946027312292
1755525733194,622204.9071317571,2025-08-18 14:02:13.194,-0.5136136090739579
1755529332018,626396.8815144808,2025-08-18 15:02:12.018,0.6737289170617222
1755533001565,630224.4289974018,2025-08-18 16:03:21.565,0.6110419122245518
1755536568704,630950.5922626676,2025-08-18 17:02:48.704,0.11522296373388453
1755540197580,634079.4922501286,2025-08-18 18:03:17.580,0.4959025359244722
1755543787996,633836.2125537313,2025-08-18 19:03:07.996,-0.03836738127802423
1755547367066,632414.6933445097,2025-08-18 20:02:47.066,-0.2242723247847066
1755550954740,633121.8990517103,2025-08-18 21:02:34.740,0.11182626125596953
1755554487625,634874.2985678905,2025-08-18 22:01:27.625,0.2767870640401189
1755558171292,633147.0539505854,2025-08-18 23:02:51.292,-0.27206088216223645
1755562018562,632370.4063256716,2025-08-19 00:06:58.562,-0.12266465113718275
1755565377300,633780.1979851009,2025-08-19 01:02:57.300,0.22293763992226978
1755568975046,629729.9431385044,2025-08-19 02:02:55.046,-0.6390630157699756
1755572607066,629367.802473151,2025-08-19 03:03:27.066,-0.05750729646878839
1755576153984,624437.116313564,2025-08-19 04:02:33.984,-0.7834347642525522
1755579784816,626987.8409359755,2025-08-19 05:03:04.816,0.4084838257965881
1755583348348,625535.5260119472,2025-08-19 06:02:28.348,-0.23163366642969
1755586971797,625189.9283931216,2025-08-19 07:02:51.797,-0.055248279986421844
1755590465724,625351.1283819969,2025-08-19 08:01:05.724,0.025784162788678545
1755594029123,626616.7698833778,2025-08-19 09:00:29.123,0.20238893702096689
1755597658919,627555.8002481008,2025-08-19 10:00:58.919,0.14985720297554622
1755601301387,627738.4344623033,2025-08-19 11:01:41.387,0.02910246612816274
1755604965234,628331.3820784547,2025-08-19 12:02:45.234,0.09445775240117547
1755608512658,631058.2990579432,2025-08-19 13:01:52.658,0.4339934399692235
1755612151238,630532.8577954108,2025-08-19 14:02:31.238,-0.08326350565657156
1755615749349,624575.7715781835,2025-08-19 15:02:29.349,-0.9447701485463543
1755619360464,623564.7161768114,2025-08-19 16:02:40.464,-0.16187874192067964
1755622862973,621125.3876288031,2025-08-19 17:01:02.973,-0.39119091967938685
1755626455792,622324.668871671,2025-08-19 18:00:55.792,0.19308198743029475
1755630335423,619733.9098481742,2025-08-19 19:05:35.423,-0.4163034430555416
1755633762362,623095.9612274092,2025-08-19 20:02:42.362,0.5424991800204462
1755637344159,625076.2497518936,2025-08-19 21:02:24.159,0.31781437334042345
1755640944396,623745.804303266,2025-08-19 22:02:24.396,-0.2128453047377279
1755644435729,622390.3265911782,2025-08-19 23:00:35.729,-0.2173125178135489
1755648144721,620907.2101404098,2025-08-20 00:02:24.721,-0.23829362176810087
1755651637645,622660.5876563992,2025-08-20 01:00:37.645,0.28238962076039825
1755655243860,621689.8882270334,2025-08-20 02:00:43.860,-0.15589543462504554
1755658933328,623846.0641116911,2025-08-20 03:02:13.328,0.3468249887104883
1755662537509,624203.9456227516,2025-08-20 04:02:17.509,0.05736695823674336
1755666047331,624548.5939241212,2025-08-20 05:00:47.331,0.05521405364167966
1755669706002,625395.1524754,2025-08-20 06:01:46.002,0.13554726718056334
1755673352058,624983.1727853693,2025-08-20 07:02:32.058,-0.06587510126997476
1755676831111,624197.8568524872,2025-08-20 08:00:31.111,-0.12565393231024263
1755680496202,627023.359375179,2025-08-20 09:01:36.202,0.4526613623666422
1755684154089,626917.2919092601,2025-08-20 10:02:34.089,-0.01691603101113305
1755687741868,626503.7744935227,2025-08-20 11:02:21.868,-0.06596044184361666
1755691349547,626909.754648843,2025-08-20 12:02:29.547,0.0648009113190831
1755694820461,622908.1893124157,2025-08-20 13:00:20.461,-0.6383000594190368
1755698467017,617251.8003093613,2025-08-20 14:01:07.017,-0.9080614286509933
1755702318525,620855.4257108993,2025-08-20 15:05:18.525,0.5838177223188131
1755705645904,620725.2804201528,2025-08-20 16:00:45.904,-0.02096225390918497
1755709363088,623350.2762063578,2025-08-20 17:02:43.088,0.4228917153862563
1755712943731,624789.6727538046,2025-08-20 18:02:23.731,0.2309129557472652
1755716549859,621587.7368786732,2025-08-20 19:02:29.859,-0.512482202373583
1755720157116,625133.6755111242,2025-08-20 20:02:37.116,0.5704647022570081
1755723698563,626978.9091048151,2025-08-20 21:01:38.563,0.2951742428820845
1755727331136,626557.0939150052,2025-08-20 22:02:11.136,-0.06727741295351464
1755730922274,627417.1152648623,2025-08-20 23:02:02.274,0.1372614496283655
1755734502284,625658.2142172506,2025-08-21 00:01:42.284,-0.28033998512603703
1755738139563,625987.6209113746,2025-08-21 01:02:19.563,0.0526496234906948
1755741727089,628122.1268351133,2025-08-21 02:02:07.089,0.3409821300668979
1755745272204,624140.7200567427,2025-08-21 03:01:12.204,-0.633858704903698
1755748891792,624170.7479692758,2025-08-21 04:01:31.792,0.004811080509282202
1755752522324,623100.1327576552,2025-08-21 05:02:02.324,-0.17152601513348678
1755756153048,623923.0615127576,2025-08-21 06:02:33.048,0.13207006576299266
1755759735544,622789.8448851189,2025-08-21 07:02:15.544,-0.181627623266735
1755763355497,623924.3323106881,2025-08-21 08:02:35.497,0.18216215869391414
1755766964932,622976.0225865601,2025-08-21 09:02:44.932,-0.15199114299901542
1755770456020,622227.5062115162,2025-08-21 10:00:56.020,-0.12015171497870797
1755774145842,621719.2597560248,2025-08-21 11:02:25.842,-0.0816817724092438
1755777647607,620315.636429265,2025-08-21 12:00:47.607,-0.22576481341604177
1755781310458,620177.0713140508,2025-08-21 13:01:50.458,-0.02233784013761674
1755784978527,622256.7351953406,2025-08-21 14:02:58.527,0.3353338872853385
1755788550029,621061.5919013217,2025-08-21 15:02:30.029,-0.19206594744912536
1755792108251,619046.9336725912,2025-08-21 16:01:48.251,-0.3243894414018982
1755795725532,616268.9881365219,2025-08-21 17:02:05.532,-0.44874554496033925
1755799324597,615381.0173476195,2025-08-21 18:02:04.597,-0.14408818324404446
1755802942153,616363.58494507,2025-08-21 19:02:22.153,0.15966816813516005
1755806512647,613617.5221216355,2025-08-21 20:01:52.647,-0.44552645394831436
1755810171090,616525.464885475,2025-08-21 21:02:51.090,0.47390151992156876
1755813761573,615371.9911543487,2025-08-21 22:02:41.573,-0.18709263393371026
1755817349621,614900.9302660958,2025-08-21 23:02:29.621,-0.07654896469520453
1755820971862,614490.8340277759,2025-08-22 00:02:51.862,-0.06669305869197678
1755824556235,615352.970608182,2025-08-22 01:02:36.235,0.14030096669711045
1755828086472,616673.5194363295,2025-08-22 02:01:26.472,0.21460021990993366
1755831684381,619126.6548546265,2025-08-22 03:01:24.381,0.3978013229008623
1755835309894,617427.9819475437,2025-08-22 04:01:49.894,-0.27436597887740516
1755838844257,616521.0989013978,2025-08-22 05:00:44.257,-0.14688078167195026
1755842546997,618805.2462256196,2025-08-22 06:02:26.997,0.3704897250543411
1755846156216,617449.6430230608,2025-08-22 07:02:36.216,-0.2190678264005152
1755849744914,618071.4811705621,2025-08-22 08:02:24.914,0.10071074694558049
1755853361935,617435.9208079556,2025-08-22 09:02:41.935,-0.10282958880465703
1755856957279,617793.6173072325,2025-08-22 10:02:37.279,0.05793257036436054
1755860542275,614885.2508070273,2025-08-22 11:02:22.275,-0.4707666797986324
1755864098441,614756.2819368205,2025-08-22 12:01:38.441,-0.02097446150116348
1755867752032,613991.4886472087,2025-08-22 13:02:32.032,-0.12440593322646414
1755871368421,615617.7452010135,2025-08-22 14:02:48.421,0.264866302526105
1755874956906,628435.4984292195,2025-08-22 15:02:36.906,2.082096126715883
1755878552195,632766.3123760765,2025-08-22 16:02:32.195,0.6891421566225828
1755882119526,630419.445809733,2025-08-22 17:01:59.526,-0.37088993526391084
1755885672029,633582.3165122592,2025-08-22 18:01:12.029,0.5017089373668796
1755889373164,632889.4158885675,2025-08-22 19:02:53.164,-0.10936236786184468
1755893061905,632699.6193651374,2025-08-22 20:04:21.905,-0.029988892003125687
1755896439854,633596.0027789156,2025-08-22 21:00:39.854,0.1416759843600981
1755900145029,634363.5372981587,2025-08-22 22:02:25.029,0.12113941942133605
1755903782033,632598.4925857933,2025-08-22 23:03:02.033,-0.278238676813465
1755907309434,633719.1086321924,2025-08-23 00:01:49.434,0.1771449125366249
1755910834385,633408.7283382391,2025-08-23 01:00:34.385,-0.04897758166439885
1755914532950,631191.1526678783,2025-08-23 02:02:12.950,-0.3501018491138693
1755918133028,627880.6616542691,2025-08-23 03:02:13.028,-0.5244831141274162
1755921738492,626177.8041142877,2025-08-23 04:02:18.492,-0.27120719652280323
1755925359819,627964.7348356225,2025-08-23 05:02:39.819,0.28537113733412045
1755928921222,628398.7275636076,2025-08-23 06:02:01.222,0.06911100319968491
1755932564649,627151.5108810144,2025-08-23 07:02:44.649,-0.19847536729249285
1755936136421,627532.1113611774,2025-08-23 08:02:16.421,0.060687166268377724
1755939785928,627416.7752548708,2025-08-23 09:03:05.928,-0.018379315451517747
1755943367918,627190.0930216898,2025-08-23 10:02:47.918,-0.03612945048988908
1755946927091,626243.1367860147,2025-08-23 11:02:07.091,-0.1509839275542245
1755950400562,624917.8558986249,2025-08-23 12:00:00.562,-0.21162401782019571
1755954143249,624164.851318072,2025-08-23 13:02:23.249,-0.1204965698203823
1755957695437,622464.1237343132,2025-08-23 14:01:35.437,-0.27248051218636815
1755961366088,621731.8376146858,2025-08-23 15:02:46.088,-0.11764310451086805
1755964944239,622257.251923614,2025-08-23 16:02:24.239,0.08450818779748707
1755968532024,623279.4472184324,2025-08-23 17:02:12.024,0.16427213851803735
1755972157432,623570.3554159069,2025-08-23 18:02:37.432,0.04667379917189574
1755975724743,623936.0218457367,2025-08-23 19:02:04.743,0.05864076549724574
1755979381408,623970.9658070607,2025-08-23 20:03:01.408,0.00560056802309347
1755982951788,624661.3863002952,2025-08-23 21:02:31.788,0.11064945823905808
1755986556015,624340.4865937462,2025-08-23 22:02:36.015,-0.05137178535231953
1755990100362,624951.2913252527,2025-08-23 23:01:40.362,0.09783199145692296
1755993789115,625383.7743729262,2025-08-24 00:03:09.115,0.06920268086115453
1755997206611,625405.5339214331,2025-08-24 01:00:06.611,0.003479391279179043
1756000932191,625769.744625305,2025-08-24 02:02:12.191,0.05823592598999118
1756004436078,623808.6440412492,2025-08-24 03:00:36.078,-0.31339012486613904
1756008105888,623395.6178294945,2025-08-24 04:01:45.888,-0.0662104021321225
1756011743931,623901.7277805054,2025-08-24 05:02:23.931,0.08118599754888424
1756015253884,623177.6191381315,2025-08-24 06:00:53.884,-0.11606132987480376
1756018962692,622589.9035500576,2025-08-24 07:02:42.692,-0.09430948256562366
1756022550401,622780.0357062577,2025-08-24 08:02:30.401,0.030538907732999856
1756026128786,622095.0692206733,2025-08-24 09:02:08.786,-0.10998529919277324
1756029703563,622472.8858816588,2025-08-24 10:01:43.563,0.060732945763221545
1756033352598,622003.5253951536,2025-08-24 11:02:32.598,-0.07540255923603975
1756036974000,621780.1072148477,2025-08-24 12:02:54.000,-0.03591911800884478
1756040567741,621341.3424409206,2025-08-24 13:02:47.741,-0.07056590727748029
1756044069178,621148.0346685897,2025-08-24 14:01:09.178,-0.031111364901542853
1756047720257,620570.8775936052,2025-08-24 15:02:00.257,-0.09291779781488828
1756051314199,620014.7978963256,2025-08-24 16:01:54.199,-0.0896077655844769
1756054922369,619367.8678865844,2025-08-24 17:02:02.369,-0.10434105959022524
1756058519243,620004.7402175962,2025-08-24 18:01:59.243,0.10282618198857363
1756062153861,621079.7887067349,2025-08-24 19:02:33.861,0.1733935919201874
1756065639541,608346.5713611766,2025-08-24 20:00:39.541,-2.050174160726197
1756069362661,610957.9219721827,2025-08-24 21:02:42.661,0.42925377308583185
1756072974764,613013.1403295017,2025-08-24 22:02:54.764,0.33639278310439646
1756076552010,614929.8909337699,2025-08-24 23:02:32.010,0.3126769196558964
1756080151739,614902.3610222948,2025-08-25 00:02:31.739,-0.004476918731860495
1756083655537,610505.7135841468,2025-08-25 01:00:55.537,-0.7150155401645344
1756087348534,613050.5638713482,2025-08-25 02:02:28.534,0.41684299271518427
1756090913333,615084.8534600206,2025-08-25 03:01:53.333,0.33183063658340656
1756094541093,613579.0702815374,2025-08-25 04:02:21.093,-0.24480901618903636
1756098105531,611233.0296404202,2025-08-25 05:01:45.531,-0.3823534332813332
1756101704424,609401.8311775905,2025-08-25 06:01:44.424,-0.29959088825860086
1756105209035,607900.263897859,2025-08-25 07:00:09.035,-0.24640019161575544
1756108948529,607281.0840563973,2025-08-25 08:02:28.529,-0.10185549805350044
1756112588736,607263.0858525843,2025-08-25 09:03:08.736,-0.0029637352925207345
1756116180092,607771.045398449,2025-08-25 10:03:00.092,0.08364736103651729
1756119768113,604288.5030153104,2025-08-25 11:02:48.113,-0.573002351708847
1756123345457,604028.6015885961,2025-08-25 12:02:25.457,-0.04300949387873395
1756126913515,605067.290748977,2025-08-25 13:01:53.515,0.17196026109510504
1756130555854,603762.6592081776,2025-08-25 14:02:35.854,-0.2156175950586373
1756134179101,606428.329438252,2025-08-25 15:02:59.101,0.4415096212757524
1756137771652,607545.9897015297,2025-08-25 16:02:51.652,0.18430211931441595
1756141256917,608578.1649451444,2025-08-25 17:00:56.917,0.16989252848525685
1756144963593,608612.0169647489,2025-08-25 18:02:43.593,0.005562476860710775
1756148513880,608168.3660115986,2025-08-25 19:01:53.880,-0.07289552962867876
1756152214623,600643.3256367532,2025-08-25 20:03:34.623,-1.237328476026303
1756155777718,593888.1315344229,2025-08-25 21:02:57.718,-1.124659812904615
1756159375775,596123.20048594,2025-08-25 22:02:55.775,0.37634511161931883
1756163002354,596470.262981906,2025-08-25 23:03:22.354,0.05821992763963261
1756166450533,596102.8777003676,2025-08-26 00:00:50.533,-0.06159322674389598
1756170041595,590881.3344122805,2025-08-26 01:00:41.595,-0.8759466668288328
1756173739618,593600.0410974218,2025-08-26 02:02:19.618,0.4601104361919758
1756177355237,593602.0619378625,2025-08-26 03:02:35.237,0.00034043805607296206
1756180948236,594743.9855828505,2025-08-26 04:02:28.236,0.19237191347686353
1756184549764,595779.4098221624,2025-08-26 05:02:29.764,0.1740957898543715
1756188158519,596790.9558327463,2025-08-26 06:02:38.519,0.16978532555966153
1756191699264,595204.7053332643,2025-08-26 07:01:39.264,-0.26579667201367385
1756195267749,597308.5538222736,2025-08-26 08:01:07.749,0.35346637386398555
1756198911675,596298.7614322988,2025-08-26 09:01:51.675,-0.16905707837481798
1756202532586,596290.6489544278,2025-08-26 10:02:12.586,-0.001360472031087447
1756206149379,596440.9993701426,2025-08-26 11:02:29.379,0.025214283668277732
1756209728639,593598.8085869822,2025-08-26 12:02:08.639,-0.47652505212784124
1756213403920,595871.9959910316,2025-08-26 13:03:23.920,0.38295012913866816
1756216965274,594393.1495024884,2025-08-26 14:02:45.274,-0.248181907942098
1756220551816,599334.8953651024,2025-08-26 15:02:31.816,0.8313934753033901
1756224018607,596138.4433652967,2025-08-26 16:00:18.607,-0.5333332039441052
1756227761965,598291.2434060763,2025-08-26 17:02:41.965,0.36112417589221985
1756231353939,597808.6650227901,2025-08-26 18:02:33.939,-0.0806594428056357
1756234943091,602112.1330110065,2025-08-26 19:02:23.091,0.7198738057857316
1756238554071,603575.8966622396,2025-08-26 20:02:34.071,0.24310482565982316
1756242160727,604972.1753121803,2025-08-26 21:02:40.727,0.2313343951708684
1756245758261,605344.1279162106,2025-08-26 22:02:38.261,0.061482596920812496
1756249532611,607796.4219027804,2025-08-26 23:05:32.611,0.40510742129628696
1756252945667,607473.6793248396,2025-08-27 00:02:25.667,-0.05310044059331953
1756256511662,604912.5428719112,2025-08-27 01:01:51.662,-0.4216045139231258
1756260126995,604329.4523426667,2025-08-27 02:02:06.995,-0.09639253411347723
1756263608376,603959.3584225076,2025-08-27 03:00:08.376,-0.06124042419650046
1756267301251,605728.0789754881,2025-08-27 04:01:41.251,0.29285423403326133
1756270838283,606220.1568871631,2025-08-27 05:00:38.283,0.0812374279408119
1756274530981,604900.7374560479,2025-08-27 06:02:10.981,-0.21764690865611344
1756278128901,603006.2529114246,2025-08-27 07:02:08.901,-0.3131893263332229
1756281766341,601403.2815357195,2025-08-27 08:02:46.341,-0.2658299757200946
1756285305519,602836.9487139974,2025-08-27 09:01:45.519,0.23838698961151358
1756289193154,603827.2553242187,2025-08-27 10:06:33.154,0.16427437175737963
1756292466124,604306.1718474955,2025-08-27 11:01:06.124,0.0793134988614714
1756296154572,607216.9697078539,2025-08-27 12:02:34.572,0.48167601059897064
1756299661554,606419.8266022976,2025-08-27 13:01:01.554,-0.13127813373525793
1756303312627,607076.5368774193,2025-08-27 14:01:52.627,0.10829300862427368
1756306930236,609406.2529733462,2025-08-27 15:02:10.236,0.38375986459796874
1756310539120,608518.0618404046,2025-08-27 16:02:19.120,-0.14574696741425844
1756314134682,608618.5570950825,2025-08-27 17:02:14.682,0.016514752967873872
1756317766354,609196.6493323835,2025-08-27 18:02:46.354,0.09498432648197104
1756321357377,608015.8356896717,2025-08-27 19:02:37.377,-0.19383127665030558
1756324933842,606991.0136307415,2025-08-27 20:02:13.842,-0.16855186966762528
1756328559998,608449.1399246604,2025-08-27 21:02:39.998,0.2402220562042741
1756332144961,603979.2984481142,2025-08-27 22:02:24.961,-0.7346286128532808
1756336001720,603762.2910974903,2025-08-27 23:06:41.720,-0.035929600763043835
1756339326746,602649.7029209463,2025-08-28 00:02:06.746,-0.18427586368828158
1756342817181,602937.2096785873,2025-08-28 01:00:17.181,0.04770711015826926
1756346535481,605035.8595850779,2025-08-28 02:02:15.481,0.3480710549626428
1756350095350,604067.0301224878,2025-08-28 03:01:35.350,-0.16012761016420585
1756353768043,606664.3117745696,2025-08-28 04:02:48.043,0.42996580223143477
1756357317526,611928.8183565043,2025-08-28 05:01:57.526,0.8677791786590191
1756360952406,611140.6901029717,2025-08-28 06:02:32.406,-0.12879410642062897
1756364549630,613354.4178210992,2025-08-28 07:02:29.630,0.36222882128081385
1756368144259,612839.1592524046,2025-08-28 08:02:24.259,-0.08400666135657815
1756371749810,613628.0711372979,2025-08-28 09:02:29.810,0.12873065844155562
1756375337782,611971.1336948932,2025-08-28 10:02:17.782,-0.2700230840700812
1756378971561,614182.0065063977,2025-08-28 11:02:51.561,0.36127076748799475
1756382553317,612330.1485444265,2025-08-28 12:02:33.317,-0.3015161535755454
1756386140506,612601.1086926034,2025-08-28 13:02:20.506,0.044250662623909295
1756389770627,611222.2141908272,2025-08-28 14:02:50.627,-0.2250884763690684
1756393329969,611817.5785600666,2025-08-28 15:02:09.969,0.09740555160083711
1756396838390,610099.3207829852,2025-08-28 16:00:38.390,-0.28084478728535894
1756400550192,607896.5055344129,2025-08-28 17:02:30.192,-0.3610584659798069
1756404173202,607564.289734945,2025-08-28 18:02:53.202,-0.05465005908790576
1756407760347,607831.4234206575,2025-08-28 19:02:40.347,0.04396797017629345
1756411387060,605785.4442257802,2025-08-28 20:03:07.060,-0.33660306394876427
1756414857725,605699.2232953308,2025-08-28 21:00:57.725,-0.014232915510148285
1756418522118,606962.2064146459,2025-08-28 22:02:02.118,0.2085165492608375
1756422142849,608466.9242734584,2025-08-28 23:02:22.849,0.24790964625309664
1756425749398,609199.9111812008,2025-08-29 00:02:29.398,0.1204645443328839
1756429359623,607325.1084856706,2025-08-29 01:02:39.623,-0.30774835339272977
1756432996657,603617.829621831,2025-08-29 02:03:16.657,-0.6104273991048337
1756436503876,603365.5966760133,2025-08-29 03:01:43.876,-0.04178686139467817
1756440163731,604931.3453474025,2025-08-29 04:02:43.731,0.259502477439054
1756443751940,603939.5264029213,2025-08-29 05:02:31.940,-0.16395562109806286
1756447228150,602703.8664821875,2025-08-29 06:00:28.150,-0.20459994199972178
1756450972036,602508.4860762928,2025-08-29 07:02:52.036,-0.03241731416708736
1756454572950,596021.7068560425,2025-08-29 08:02:52.950,-1.0766286899117514
1756458183017,594468.8712526254,2025-08-29 09:03:03.017,-0.2605333976187192
1756461764710,596047.1201397293,2025-08-29 10:02:44.710,0.26548890335980097
1756465328708,596531.6391312989,2025-08-29 11:02:08.708,0.08128870607678443
1756468826385,597147.2994639379,2025-08-29 12:00:26.385,0.10320665196158925
1756472568834,600615.3366148365,2025-08-29 13:02:48.834,0.5807674511819568
1756476035093,592206.1894998424,2025-08-29 14:00:35.093,-1.4000886428224446
1756479705382,587340.0745191687,2025-08-29 15:01:45.382,-0.8216926919969223
1756483310634,588838.372223611,2025-08-29 16:01:50.634,0.25509883786984616
1756486932775,589926.807543419,2025-08-29 17:02:12.775,0.1848444957311019
1756490566331,589049.3054484166,2025-08-29 18:02:46.331,-0.14874762153231139
1756494148319,586395.1693653609,2025-08-29 19:02:28.319,-0.45057961337129143
1756497755710,587406.6594670692,2025-08-29 20:02:35.710,0.17249291170031972
1756501339480,584725.1311007041,2025-08-29 21:02:19.480,-0.4565028882712983
1756504948528,589015.638716561,2025-08-29 22:02:28.528,0.7337648730404939
1756508549328,588049.0752581619,2025-08-29 23:02:29.328,-0.16409809771863573
1756512121833,588414.1579004644,2025-08-30 00:02:01.833,0.062083703157295625
1756515747033,587930.2664177114,2025-08-30 01:02:27.033,-0.08223654653034969
1756519349563,584906.1200190107,2025-08-30 02:02:29.563,-0.5143716136825092
1756522954887,585474.3469602817,2025-08-30 03:02:34.887,0.0971484007130098
1756526540481,588996.9282080857,2025-08-30 04:02:20.481,0.601662782680888
1756530144360,588999.3772275819,2025-08-30 05:02:24.360,0.0004157949522187497
1756533756883,588467.409362722,2025-08-30 06:02:36.883,-0.09031722025988152
1756537265380,588128.3520693472,2025-08-30 07:01:05.380,-0.057617004439034336
1756540943680,589258.3670315233,2025-08-30 08:02:23.680,0.19213747444755935
1756544536391,589711.6078004948,2025-08-30 09:02:16.391,0.0769171545674899
1756548175412,589766.1019106985,2025-08-30 10:02:55.412,0.009240806774509558
1756551778802,588806.1260743238,2025-08-30 11:02:58.802,-0.16277229791006853
1756555292535,590342.5839197262,2025-08-30 12:01:32.535,0.26094460933113184
1756558921832,589874.4570871543,2025-08-30 13:02:01.832,-0.07929748680227064
1756562546521,589252.4560115205,2025-08-30 14:02:26.521,-0.10544634848325032
1756566154465,590373.2496528886,2025-08-30 15:02:34.465,0.19020601949705704
1756569952490,591092.8131508009,2025-08-30 16:05:52.490,0.12188280860207068
1756573576442,591227.2393957553,2025-08-30 17:06:16.442,0.022741986023803517
1756576945139,590853.1657946453,2025-08-30 18:02:25.139,-0.06327069799631242
1756580531544,591104.8256612659,2025-08-30 19:02:11.544,0.042592623885173465
1756584135205,591067.2999677155,2025-08-30 20:02:15.205,-0.00634839911996605
1756587750339,590035.6289899357,2025-08-30 21:02:30.339,-0.17454374109955517
1756591337632,589753.7821036772,2025-08-30 22:02:17.632,-0.0477677740818902
1756594949444,589534.9512170221,2025-08-30 23:02:29.444,-0.037105465585051824
1756598491633,590838.3227665557,2025-08-31 00:01:31.633,0.22108469512162324
1756602120896,593769.4096872844,2025-08-31 01:02:00.896,0.4960895066867162
1756605717846,594484.1383224782,2025-08-31 02:01:57.846,0.12037141414378356
1756609242817,593130.9143918792,2025-08-31 03:00:42.817,-0.22762994727117147
1756612963963,592982.6307722862,2025-08-31 04:02:43.963,-0.025000150218952105
1756616501261,590945.4922973817,2025-08-31 05:01:41.261,-0.34354100258406334
1756620163952,590534.8715808698,2025-08-31 06:02:43.952,-0.06948537925479827
1756623659485,590472.3244100816,2025-08-31 07:00:59.485,-0.010591613433551604
1756627364758,590428.2139317784,2025-08-31 08:02:44.758,-0.0074703718497275
1756630956863,592053.1086885913,2025-08-31 09:02:36.863,0.27520615012489646
1756634509930,589360.2498775021,2025-08-31 10:01:49.930,-0.45483399572952493
1756638126758,589683.8818902998,2025-08-31 11:02:06.758,0.05491242629020518
1756641822688,588662.3014996113,2025-08-31 12:03:42.688,-0.17324204070386043
1756645248031,588348.3394728989,2025-08-31 13:00:48.031,-0.053334828120073174
1756648938122,588497.5298605969,2025-08-31 14:02:18.122,0.025357492779135987
1756652501914,589100.9240997634,2025-08-31 15:01:41.914,0.10253131212113167
1756656141408,590861.1713938098,2025-08-31 16:02:21.408,0.29880233115172555
1756659637043,591746.2865426159,2025-08-31 17:00:37.043,0.14980086552617325
1756663271785,591911.1820733248,2025-08-31 18:01:11.785,0.027865917278903578
1756666912435,592846.9350147226,2025-08-31 19:01:52.435,0.15809009353736359
1756670432327,591711.8424678617,2025-08-31 20:00:32.327,-0.19146469009454042
1756674157565,592492.1296527453,2025-08-31 21:02:37.565,0.13186945551558538
1756677698716,592275.7114629358,2025-08-31 22:01:38.716,-0.0365267619565482
1756681330273,591414.8532089925,2025-08-31 23:02:10.273,-0.14534755305378416
1756684884782,588237.9379241426,2025-09-01 00:01:24.782,-0.5371720489622682
1756688412717,588397.1087834168,2025-09-01 01:00:12.717,0.027058924461065243
1756692150453,587706.8385204847,2025-09-01 02:02:30.453,-0.11731367347458149
1756695740902,584567.738753246,2025-09-01 03:02:20.902,-0.5341268063412712
1756699346682,584525.6552322671,2025-09-01 04:02:26.682,-0.0071990837312844
1756702964431,583185.2313080865,2025-09-01 05:02:44.431,-0.22931823645070495
1756706521276,586527.2821354792,2025-09-01 06:02:01.276,0.5730684948753552
1756710169849,588435.1056658217,2025-09-01 07:02:49.849,0.3252744737459403
1756713739232,596975.974453352,2025-09-01 08:02:19.232,1.4514546642940762
1756717230775,596761.0976412088,2025-09-01 09:00:30.775,-0.03599421439698858
1756720933227,596852.2918986061,2025-09-01 10:02:13.227,0.015281535233744386
1756724559678,590883.3284921991,2025-09-01 11:02:39.678,-1.0000738017474273
1756728195291,592480.9146135809,2025-09-01 12:03:15.291,0.2703725159175707
1756731741473,591484.5469733186,2025-09-01 13:02:21.473,-0.1681687317999415
1756735234233,591301.3768837601,2025-09-01 14:00:34.233,-0.030967857147877118
1756738969312,593678.2815849694,2025-09-01 15:02:49.312,0.4019785500476752
1756742541157,592162.7553349915,2025-09-01 16:02:21.157,-0.2552773609861234
1756746172894,592619.6687568555,2025-09-01 17:02:52.894,0.07716010805265175
1756749728376,593424.8903936341,2025-09-01 18:02:08.376,0.13587494294066893
1756753323872,594460.2024710296,2025-09-01 19:02:03.872,0.17446387810068975
1756756977594,594214.0500149183,2025-09-01 20:02:57.594,-0.041407726722172064
1756760549368,591622.524939796,2025-09-01 21:02:29.368,-0.4361265229351784
1756764169981,585005.1139071938,2025-09-01 22:02:49.981,-1.1185191154234002
1756767736249,590066.758791896,2025-09-01 23:02:16.249,0.8652308782219077
1756771301321,594205.8391333877,2025-09-02 00:01:41.321,0.7014596704220345
1756774968255,592612.1910509787,2025-09-02 01:02:48.255,-0.26819798417551305
1756778435785,594987.7321392696,2025-09-02 02:00:35.785,0.40085930127051816
1756782137258,599151.6578397868,2025-09-02 03:02:17.258,0.6998338748172036
1756785706325,600147.9912412612,2025-09-02 04:01:46.325,0.16629068591191695
1756789256804,599928.3398282994,2025-09-02 05:00:56.804,-0.03659954147436072
1756792907793,599486.2944110131,2025-09-02 06:01:47.793,-0.07368303644610906
1756796566343,600372.5297853114,2025-09-02 07:02:46.343,0.147832466323356
1756800140751,599490.0399875586,2025-09-02 08:02:20.751,-0.14699036914103777
1756803762812,601251.7759767529,2025-09-02 09:02:42.812,0.29387243685162956
1756807354167,600833.191408941,2025-09-02 10:02:34.167,-0.06961884929683602
1756810970170,600589.5540925158,2025-09-02 11:02:50.170,-0.04054990967690886
1756814594011,599060.1172942371,2025-09-02 12:03:14.011,-0.25465591065593374
1756818108742,598002.561600937,2025-09-02 13:01:48.742,-0.17653582049106062
1756821761038,608187.1839027824,2025-09-02 14:02:41.038,1.7031068018470823
1756825383871,607083.111538232,2025-09-02 15:03:03.871,-0.1815349605799844
1756828973325,605272.6242718296,2025-09-02 16:02:53.325,-0.2982272496124815
1756832557694,603134.4457359891,2025-09-02 17:02:37.694,-0.3532587548318082
1756836156531,605100.3480279641,2025-09-02 18:02:36.531,0.3259476068517435
1756839618522,605761.7530109417,2025-09-02 19:00:18.522,0.10930500786077561
1756843349676,606346.8217019528,2025-09-02 20:02:29.676,0.09658396029512961
1756846961867,608940.99520703,2025-09-02 21:02:41.867,0.42783658002783986
1756850571730,608226.4939309687,2025-09-02 22:02:51.730,-0.11733505900984205
1756854190238,608244.4405216775,2025-09-02 23:03:10.238,0.0029506427108777654
1756857725883,608154.700987495,2025-09-03 00:02:05.883,-0.01475386015949549
1756861356310,608819.0335647459,2025-09-03 01:02:36.310,0.10923743188570008
1756865184653,608483.5328300102,2025-09-03 02:06:24.653,-0.05510680780975724
1756868574300,609517.9069483845,2025-09-03 03:02:54.300,0.1699921300357163
1756872138432,607440.2027753752,2025-09-03 04:02:18.432,-0.34087664190400985
1756875724872,607180.0348940562,2025-09-03 05:02:04.872,-0.042830204542005555
1756879344677,605354.0619678542,2025-09-03 06:02:24.677,-0.3007300670748508
1756882850402,605505.0810560782,2025-09-03 07:00:50.402,0.024947232985125606
1756886585322,608937.9190647647,2025-09-03 08:03:05.322,0.566937935962361
1756890143543,610655.7350999409,2025-09-03 09:02:23.543,0.28210035561826463
1756893698723,608366.6054260667,2025-09-03 10:01:38.723,-0.37486418980403025
1756897294069,609449.8546024205,2025-09-03 11:01:34.069,0.17805861904519724
1756900911446,610096.8119629677,2025-09-03 12:01:51.446,0.10615432191206553
1756904467943,605286.2582169928,2025-09-03 13:01:07.943,-0.7884902283781969
1756908128206,608313.2231966476,2025-09-03 14:02:08.206,0.5000881712681481
1756911738752,610818.0070601832,2025-09-03 15:02:18.752,0.411758904462595
1756915355957,612885.4605862551,2025-09-03 16:02:35.957,0.3384729170022899
1756918905809,611080.252012836,2025-09-03 17:01:45.809,-0.2945425678220932
1756922533257,613551.8660755666,2025-09-03 18:02:13.257,0.404466361756795
1756926162883,611328.288685416,2025-09-03 19:02:42.883,-0.3624106637264748
1756929702289,611744.908826831,2025-09-03 20:01:42.289,0.06814998571568325
1756933303614,611774.4602642546,2025-09-03 21:01:43.614,0.004830679748563258
1756936956107,610356.0041945933,2025-09-03 22:02:36.107,-0.2318593144683754
1756940451790,610181.2348314504,2025-09-03 23:00:51.790,-0.028634004079884402
1756944132999,609180.5814527489,2025-09-04 00:02:12.999,-0.16399281419690745
1756947750937,610964.8683768854,2025-09-04 01:02:30.937,0.2928995077094341
1756951359714,609626.0294481856,2025-09-04 02:02:39.714,-0.2191351742133157
1756955161356,607779.8557308832,2025-09-04 03:06:01.356,-0.30283708833323364
1756958526641,605929.3900426979,2025-09-04 04:02:06.641,-0.3044631490722954
1756962137772,605622.4710744277,2025-09-04 05:02:17.772,-0.05065259637736931
1756965699515,603243.591878595,2025-09-04 06:01:39.515,-0.3927990306588892
1756969317946,601754.1252876743,2025-09-04 07:01:57.946,-0.24690964163950152
1756972877204,602597.814812601,2025-09-04 08:01:17.204,0.14020502551991265
1756976510684,603720.0845913602,2025-09-04 09:01:50.684,0.18623860743806847
1756980046715,604266.1526145426,2025-09-04 10:00:46.715,0.09045053115171224
1756983727548,604318.155185088,2025-09-04 11:02:07.548,0.008605904917959116
1756987346330,604356.3722338865,2025-09-04 12:02:26.330,0.006323994814742901
1756990924928,604721.9372167902,2025-09-04 13:02:04.928,0.060488314461286365
1756994570366,602000.634875732,2025-09-04 14:02:50.366,-0.45000886747764485
1756998160710,600490.1498966914,2025-09-04 15:02:40.710,-0.2509108614731566
1757001739147,598791.2179717562,2025-09-04 16:02:19.147,-0.28292419538063734
1757005326619,598886.8487417127,2025-09-04 17:02:06.619,0.015970636690436302
1757008915923,599074.7216686802,2025-09-04 18:01:55.923,0.03137035441038328
1757012552833,599230.9800609939,2025-09-04 19:02:32.833,0.026083289222833744
1757016138203,598395.1965558965,2025-09-04 20:02:18.203,-0.13947601724668993
1757019757381,601289.712771466,2025-09-04 21:02:37.381,0.4837131434592118
1757023338060,602014.1405266662,2025-09-04 22:02:18.060,0.12047898705287233
1757026878591,606987.8096869403,2025-09-04 23:01:18.591,0.8261714842649583
1757030543793,603155.6176014519,2025-09-05 00:02:23.793,-0.6313458070047304
1757034130018,601858.5598950858,2025-09-05 01:02:10.018,-0.215045283259425
1757037730682,604987.9775046569,2025-09-05 02:02:10.682,0.519958976759696
1757041268501,606394.466309362,2025-09-05 03:01:08.501,0.2324821082406163
1757044909929,606064.6801640348,2025-09-05 04:01:49.929,-0.054384755081010476
1757048549608,606889.699336246,2025-09-05 05:02:29.608,0.1361272483306372
1757052149751,607414.6752195841,2025-09-05 06:02:29.751,0.08650268474029132
1757055710932,609255.9754954013,2025-09-05 07:01:50.932,0.3031372719388979
1757059281653,615239.5778280536,2025-09-05 08:01:21.653,0.9821163145403534
1757062928103,613973.2444521936,2025-09-05 09:02:08.103,-0.20582768428690376
1757066566344,611530.2705123681,2025-09-05 10:02:46.344,-0.3978958304616753
1757070065918,611456.2908587715,2025-09-05 11:01:05.918,-0.012097463880985853
1757073713266,612267.5484525408,2025-09-05 12:01:53.266,0.13267630178926518
1757077301629,611426.3236481393,2025-09-05 13:01:41.629,-0.13739496834801146
1757080835860,608869.1176077061,2025-09-05 14:00:35.860,-0.41823617033288724
1757084544774,597837.4107682778,2025-09-05 15:02:24.774,-1.811835502968637
1757088151198,597427.7074261329,2025-09-05 16:02:31.198,-0.06853089732515266
1757091701538,598287.0649084969,2025-09-05 17:01:41.538,0.14384292386879372
1757095329092,597688.7789871308,2025-09-05 18:02:09.092,-0.09999980886392275
1757098822497,601430.3118789799,2025-09-05 19:00:22.497,0.6260001899633483
1757102533483,603576.3305967463,2025-09-05 20:02:13.483,0.356819181770508
1757106096455,604273.8710836737,2025-09-05 21:01:36.455,0.11556789946314328
1757109674446,599108.0731726805,2025-09-05 22:01:14.446,-0.8548769288549816
1757113306139,600134.3432729385,2025-09-05 23:01:46.139,0.17129966131540625
1757116905984,599281.3725323284,2025-09-06 00:01:45.984,-0.14212996642690454
1757120506826,599967.3201496337,2025-09-06 01:01:46.826,0.11446169508102352
1757124034752,600459.6451075512,2025-09-06 02:00:34.752,0.08205862909246014
1757127604301,601703.224075444,2025-09-06 03:00:04.301,0.20710450369567368
1757131288975,601526.8319594344,2025-09-06 04:01:28.975,-0.02931546798351378
1757134949789,600365.0501491544,2025-09-06 05:02:29.789,-0.193138817514694
1757138550726,599658.3214290191,2025-09-06 06:02:30.726,-0.11771649931316104
1757142092833,599912.6209066825,2025-09-06 07:01:32.833,0.04240739577453825
1757145618841,600152.9982340689,2025-09-06 08:00:18.841,0.04006872317890398
1757149302910,600680.579511633,2025-09-06 09:01:42.910,0.08790779669793522
1757153172321,599321.3579016429,2025-09-06 10:06:12.321,-0.22628026547740077
1757156525458,599696.1034557492,2025-09-06 11:02:05.458,0.06252831626397853
1757160343984,599714.7109382332,2025-09-06 12:05:43.984,0.0031028186404303986
1757163696883,600055.8888658375,2025-09-06 13:01:36.883,0.05689003811004289
1757167361596,600661.4071094545,2025-09-06 14:02:41.596,0.10091030766509364
1757170938567,600051.7067414565,2025-09-06 15:02:18.567,-0.10150483463421196
1757174566462,597805.0553212761,2025-09-06 16:02:46.462,-0.37440963752619816
1757178163915,596932.845529577,2025-09-06 17:02:43.915,-0.1459020434730728
1757181784384,596497.6459219179,2025-09-06 18:03:04.384,-0.07290595766648393
1757185351580,596985.5064606833,2025-09-06 19:02:31.580,0.08178750446054572
1757188964905,595842.045459246,2025-09-06 20:02:44.905,-0.19153915615413364
1757192575860,596489.3514452262,2025-09-06 21:02:55.860,0.10863717841215613
1757196134384,596819.4460076052,2025-09-06 22:02:14.384,0.055339556620610755
1757199727526,596494.3137026288,2025-09-06 23:02:07.526,-0.054477498538511415
1757203337296,596757.3482441185,2025-09-07 00:02:17.296,0.04409673913854003
1757206918687,597537.3804790005,2025-09-07 01:01:58.687,0.13071179386012569
1757210532075,598695.0861410699,2025-09-07 02:02:12.075,0.19374614875831392
1757214147533,599155.8646856222,2025-09-07 03:02:27.533,0.07696380932775891
1757217766700,598897.5725778462,2025-09-07 04:02:46.700,-0.04310933481581625
1757221335879,598596.3736330611,2025-09-07 05:02:15.879,-0.05029223002001998
1757224899926,599121.1087822322,2025-09-07 06:01:39.926,0.08766093018344094
1757228786947,598378.372963367,2025-09-07 07:06:26.947,-0.12397089803342176
1757232025454,599470.1065983566,2025-09-07 08:00:25.454,0.182448712105514
1757235747833,601399.354988229,2025-09-07 09:02:27.833,0.3218256204333078
1757239307596,601612.8333502457,2025-09-07 10:01:47.596,0.03549693897175986
1757242960755,602225.0307078317,2025-09-07 11:02:40.755,0.10175935812020737
1757246531486,602476.2056732412,2025-09-07 12:02:11.486,0.041707825580451934
1757250134457,601588.6375759225,2025-09-07 13:02:14.457,-0.1473200250832844
1757253644693,602055.9113724924,2025-09-07 14:00:44.693,0.07767330820155886
1757257374926,601602.7543934308,2025-09-07 15:02:54.926,-0.07526825507428572
1757260964718,602840.8201367329,2025-09-07 16:02:44.718,0.205794560324179
1757264526397,602049.4381274078,2025-09-07 17:02:06.397,-0.13127545164336857
1757268047830,600791.5581779609,2025-09-07 18:00:47.830,-0.20893299948245894
1757271696735,601271.1808640609,2025-09-07 19:01:36.735,0.07983179516611819
1757275353704,602217.493489481,2025-09-07 20:02:33.704,0.1573853288727822
1757278931218,602891.0751151165,2025-09-07 21:02:11.218,0.11185022569379552
1757282731023,601649.0584790944,2025-09-07 22:05:31.023,-0.20601012144440553
1757286134758,602597.1902172667,2025-09-07 23:02:14.758,0.15758883435620083
1757289727086,601680.1205127522,2025-09-08 00:02:07.086,-0.15218618994619154
1757293298575,600089.971021184,2025-09-08 01:01:38.575,-0.2642848645577796
1757296960459,600209.3721858402,2025-09-08 02:02:40.459,0.019897210488781975
1757300536472,602196.5118692343,2025-09-08 03:02:16.472,0.33107441760820117
1757307727561,600640.6852242795,2025-09-08 05:02:07.561,-0.25835862783818014
1757311300640,600577.8016114577,2025-09-08 06:01:40.640,-0.010469422796147945
1757314951739,601844.3561957905,2025-09-08 07:02:31.739,0.2108893437177247
1757318591771,603297.4471411596,2025-09-08 08:03:11.771,0.24143965635134787
1757322129078,605393.5534816133,2025-09-08 09:02:09.078,0.3474416061905331
1757325665734,606234.5601526587,2025-09-08 10:01:05.734,0.13891900008000066
1757329319697,606103.3682370494,2025-09-08 11:01:59.697,-0.02164045474020084
1757332952891,606709.5651571106,2025-09-08 12:02:32.891,0.10001543496192035
1757336482509,606276.3103612938,2025-09-08 13:01:22.509,-0.07141057611388299
1757340156256,608150.9287276004,2025-09-08 14:02:36.256,0.30920198171513635
1757343738876,611637.2230945075,2025-09-08 15:02:18.876,0.5732613734885303
1757347442848,611438.1522211956,2025-09-08 16:04:02.848,-0.03254721357615569
1757350970366,611004.0910578278,2025-09-08 17:02:50.366,-0.07099019938336996
1757354993000,609428.6101515167,2025-09-08 18:09:53.000,-0.2578511223359327
